componentId,version,modifiedBy
68d6f79f-6c44-45f5-969f-04c08d43b48a,100,npunjabi@flexport.com
68d6f79f-6c44-45f5-969f-04c08d43b48a,99,npunjabi@flexport.com
68d6f79f-6c44-45f5-969f-04c08d43b48a,98,npunjabi@flexport.com
68d6f79f-6c44-45f5-969f-04c08d43b48a,97,npunjabi@flexport.com
68d6f79f-6c44-45f5-969f-04c08d43b48a,96,npunjabi@flexport.com
68d6f79f-6c44-45f5-969f-04c08d43b48a,95,npunjabi@flexport.com
68d6f79f-6c44-45f5-969f-04c08d43b48a,94,npunjabi@flexport.com
68d6f79f-6c44-45f5-969f-04c08d43b48a,93,npunjabi@flexport.com
68d6f79f-6c44-45f5-969f-04c08d43b48a,92,c-saleti@flexport.com
68d6f79f-6c44-45f5-969f-04c08d43b48a,91,c-saleti@flexport.com
68d6f79f-6c44-45f5-969f-04c08d43b48a,90,c-shedau@flexport.com
68d6f79f-6c44-45f5-969f-04c08d43b48a,89,c-shedau@flexport.com
68d6f79f-6c44-45f5-969f-04c08d43b48a,88,c-shedau@flexport.com
68d6f79f-6c44-45f5-969f-04c08d43b48a,87,c-shedau@flexport.com
68d6f79f-6c44-45f5-969f-04c08d43b48a,86,c-shedau@flexport.com
68d6f79f-6c44-45f5-969f-04c08d43b48a,85,c-shedau@flexport.com
68d6f79f-6c44-45f5-969f-04c08d43b48a,84,c-shedau@flexport.com
68d6f79f-6c44-45f5-969f-04c08d43b48a,83,c-shedau@flexport.com
68d6f79f-6c44-45f5-969f-04c08d43b48a,82,c-shedau@flexport.com
68d6f79f-6c44-45f5-969f-04c08d43b48a,81,c-shedau@flexport.com
68d6f79f-6c44-45f5-969f-04c08d43b48a,80,c-shedau@flexport.com
68d6f79f-6c44-45f5-969f-04c08d43b48a,79,c-shedau@flexport.com
68d6f79f-6c44-45f5-969f-04c08d43b48a,78,c-shedau@flexport.com
68d6f79f-6c44-45f5-969f-04c08d43b48a,77,c-shedau@flexport.com
68d6f79f-6c44-45f5-969f-04c08d43b48a,76,c-shedau@flexport.com
68d6f79f-6c44-45f5-969f-04c08d43b48a,75,c-shedau@flexport.com
68d6f79f-6c44-45f5-969f-04c08d43b48a,74,c-shedau@flexport.com
68d6f79f-6c44-45f5-969f-04c08d43b48a,73,c-saleti@flexport.com
68d6f79f-6c44-45f5-969f-04c08d43b48a,72,c-saleti@flexport.com
68d6f79f-6c44-45f5-969f-04c08d43b48a,71,c-saleti@flexport.com
68d6f79f-6c44-45f5-969f-04c08d43b48a,70,c-saleti@flexport.com
68d6f79f-6c44-45f5-969f-04c08d43b48a,69,c-saleti@flexport.com
68d6f79f-6c44-45f5-969f-04c08d43b48a,68,c-saleti@flexport.com
68d6f79f-6c44-45f5-969f-04c08d43b48a,67,c-saleti@flexport.com
68d6f79f-6c44-45f5-969f-04c08d43b48a,66,c-saleti@flexport.com
68d6f79f-6c44-45f5-969f-04c08d43b48a,65,c-saleti@flexport.com
68d6f79f-6c44-45f5-969f-04c08d43b48a,64,c-saleti@flexport.com
68d6f79f-6c44-45f5-969f-04c08d43b48a,63,c-saleti@flexport.com
68d6f79f-6c44-45f5-969f-04c08d43b48a,62,c-saleti@flexport.com
68d6f79f-6c44-45f5-969f-04c08d43b48a,61,c-saleti@flexport.com
68d6f79f-6c44-45f5-969f-04c08d43b48a,60,c-saleti@flexport.com
68d6f79f-6c44-45f5-969f-04c08d43b48a,59,npunjabi@flexport.com
68d6f79f-6c44-45f5-969f-04c08d43b48a,58,npunjabi@flexport.com
68d6f79f-6c44-45f5-969f-04c08d43b48a,57,sshanmugam@flexport.com
68d6f79f-6c44-45f5-969f-04c08d43b48a,56,sshanmugam@flexport.com
68d6f79f-6c44-45f5-969f-04c08d43b48a,55,sshanmugam@flexport.com
68d6f79f-6c44-45f5-969f-04c08d43b48a,54,sshanmugam@flexport.com
68d6f79f-6c44-45f5-969f-04c08d43b48a,53,sshanmugam@flexport.com
68d6f79f-6c44-45f5-969f-04c08d43b48a,52,sshanmugam@flexport.com
68d6f79f-6c44-45f5-969f-04c08d43b48a,51,sshanmugam@flexport.com
68d6f79f-6c44-45f5-969f-04c08d43b48a,50,sshanmugam@flexport.com
68d6f79f-6c44-45f5-969f-04c08d43b48a,49,sshanmugam@flexport.com
68d6f79f-6c44-45f5-969f-04c08d43b48a,48,sshanmugam@flexport.com
68d6f79f-6c44-45f5-969f-04c08d43b48a,47,sshanmugam@flexport.com
68d6f79f-6c44-45f5-969f-04c08d43b48a,46,sshanmugam@flexport.com
68d6f79f-6c44-45f5-969f-04c08d43b48a,45,sshanmugam@flexport.com
68d6f79f-6c44-45f5-969f-04c08d43b48a,44,sshanmugam@flexport.com
68d6f79f-6c44-45f5-969f-04c08d43b48a,43,sshanmugam@flexport.com
68d6f79f-6c44-45f5-969f-04c08d43b48a,42,sshanmugam@flexport.com
68d6f79f-6c44-45f5-969f-04c08d43b48a,41,sshanmugam@flexport.com
68d6f79f-6c44-45f5-969f-04c08d43b48a,40,sshanmugam@flexport.com
68d6f79f-6c44-45f5-969f-04c08d43b48a,39,sshanmugam@flexport.com
68d6f79f-6c44-45f5-969f-04c08d43b48a,38,sshanmugam@flexport.com
68d6f79f-6c44-45f5-969f-04c08d43b48a,37,sshanmugam@flexport.com
68d6f79f-6c44-45f5-969f-04c08d43b48a,36,sshanmugam@flexport.com
68d6f79f-6c44-45f5-969f-04c08d43b48a,35,sshanmugam@flexport.com
68d6f79f-6c44-45f5-969f-04c08d43b48a,34,sshanmugam@flexport.com
68d6f79f-6c44-45f5-969f-04c08d43b48a,33,sshanmugam@flexport.com
68d6f79f-6c44-45f5-969f-04c08d43b48a,32,sshanmugam@flexport.com
68d6f79f-6c44-45f5-969f-04c08d43b48a,31,sshanmugam@flexport.com
68d6f79f-6c44-45f5-969f-04c08d43b48a,30,sshanmugam@flexport.com
68d6f79f-6c44-45f5-969f-04c08d43b48a,29,sshanmugam@flexport.com
68d6f79f-6c44-45f5-969f-04c08d43b48a,28,sshanmugam@flexport.com
68d6f79f-6c44-45f5-969f-04c08d43b48a,27,sshanmugam@flexport.com
68d6f79f-6c44-45f5-969f-04c08d43b48a,26,sshanmugam@flexport.com
68d6f79f-6c44-45f5-969f-04c08d43b48a,25,sshanmugam@flexport.com
68d6f79f-6c44-45f5-969f-04c08d43b48a,24,sshanmugam@flexport.com
68d6f79f-6c44-45f5-969f-04c08d43b48a,23,sshanmugam@flexport.com
68d6f79f-6c44-45f5-969f-04c08d43b48a,22,sshanmugam@flexport.com
68d6f79f-6c44-45f5-969f-04c08d43b48a,21,sshanmugam@flexport.com
68d6f79f-6c44-45f5-969f-04c08d43b48a,20,sshanmugam@flexport.com
68d6f79f-6c44-45f5-969f-04c08d43b48a,19,sshanmugam@flexport.com
68d6f79f-6c44-45f5-969f-04c08d43b48a,18,sshanmugam@flexport.com
68d6f79f-6c44-45f5-969f-04c08d43b48a,17,sshanmugam@flexport.com
68d6f79f-6c44-45f5-969f-04c08d43b48a,16,sshanmugam@flexport.com
68d6f79f-6c44-45f5-969f-04c08d43b48a,15,sshanmugam@flexport.com
68d6f79f-6c44-45f5-969f-04c08d43b48a,14,sshanmugam@flexport.com
68d6f79f-6c44-45f5-969f-04c08d43b48a,13,sshanmugam@flexport.com
68d6f79f-6c44-45f5-969f-04c08d43b48a,12,sshanmugam@flexport.com
68d6f79f-6c44-45f5-969f-04c08d43b48a,11,sshanmugam@flexport.com
68d6f79f-6c44-45f5-969f-04c08d43b48a,10,sshanmugam@flexport.com
68d6f79f-6c44-45f5-969f-04c08d43b48a,9,sshanmugam@flexport.com
68d6f79f-6c44-45f5-969f-04c08d43b48a,8,sshanmugam@flexport.com
68d6f79f-6c44-45f5-969f-04c08d43b48a,7,sshanmugam@flexport.com
68d6f79f-6c44-45f5-969f-04c08d43b48a,6,sshanmugam@flexport.com
68d6f79f-6c44-45f5-969f-04c08d43b48a,5,sshanmugam@flexport.com
68d6f79f-6c44-45f5-969f-04c08d43b48a,4,sshanmugam@flexport.com
68d6f79f-6c44-45f5-969f-04c08d43b48a,3,sshanmugam@flexport.com
68d6f79f-6c44-45f5-969f-04c08d43b48a,2,sshanmugam@flexport.com
68d6f79f-6c44-45f5-969f-04c08d43b48a,1,sshanmugam@flexport.com
